,hete_net,hete_optim,hete_R,truth
0,0.09933333333333333,0.5823333333333334,0.8063333333333333,1.0
1,0.5443333333333333,0.4736666666666667,0.6266666666666667,1.0
2,0.02266666666666667,0.9773333333333334,0.837,1.0
3,0.3423333333333333,1.0,0.08933333333333333,1.0
4,0.7406666666666667,0.589,0.7106666666666667,1.0
5,0.2753333333333333,0.597,0.7066666666666667,1.0
6,0.8723333333333333,0.8723333333333333,0.8246666666666667,1.0
7,0.7806666666666666,0.8393333333333334,0.21533333333333332,1.0
