,hete_net,hete_optim,hete_R,truth
0,0.00882473648136469,-0.0031537704240201902,0.003887543319007999,0.0030711475856086586
1,0.03621522312411767,0.02833129023503796,0.030154493831743026,-0.020976047138526042
2,-0.10738795828166639,-0.1235506584654732,-0.10411744465798155,0.10346653686108626
3,0.1973453454254701,0.22199817176993758,0.19901477089442654,-0.22678373018671852
4,-0.014485702338860443,-0.01699775698373309,-0.017786190863261064,0.013833784408110677
5,0.02926298666824493,0.09631068197971447,-0.01567988581179215,0.002416790167974784
6,0.00038807990069505646,-0.015210621704648116,-0.015200642801757262,0.020182904095967596
7,0.14490910449484193,0.28741541809778937,0.15116082892899196,-0.15965720344251433
