,hete_net,hete_optim,hete_R,truth
0,0.7556160653505786,0.7513850415512465,0.7561768530559168,0.7580117724002616
1,0.3208168642951252,0.3186738836265223,0.30676490288010716,0.3819855358316897
2,0.7747866053841103,0.9817197020988491,0.9476190476190476,0.9843856076035302
3,0.2334448160535117,0.535667107001321,0.11538461538461539,0.535667107001321
4,0.10240112994350282,0.09324982602644398,0.10013908205841446,0.13224893917963224
5,0.5144781144781144,0.5687583444592791,0.5180564674983585,0.6192691029900332
6,0.1192722371967655,0.11875843454790823,0.11343686698176908,0.13712374581939799
7,0.6237082066869301,0.6724019270474879,0.3551465576005453,0.696271186440678
