,hete_net,hete_optim,hete_R,truth
0,2287.1058106881815,2287.1058106881815,2287.1058106881815,2287.1058106881815
1,912.4175868872729,924.8646370510629,901.6265638897103,1000.344884779609
2,2339.477980453996,2827.084122566979,2756.3618591718046,2827.722944731172
3,923.2996899186315,1587.2319191780634,673.3783789223219,1587.2319191780634
4,203.75879203006883,204.92112520127432,205.20858955839282,263.108599082153
5,1532.2919557607397,1595.0605047621639,1501.7907552358001,1663.589719405773
6,255.39735624100857,255.38606288197076,254.15238916782909,268.75564689497435
7,2002.958568400579,2038.8715761880705,1596.4997162228751,2085.032212500821
