,hete_net,hete_optim,hete_R,grf_R,truth,allneg
0,1506.3492350031283,1506.3492350031283,1506.3492350031283,1506.3492350031283,1506.3492350031283,1506.3492350031283
1,1513.4373724689835,1513.4393201251992,1511.6658564213183,1513.4635540358063,1520.3371302970136,1510.9987510049586
2,1475.3597810986894,1536.0007044075246,1530.7794769279099,1535.9785810520627,1536.246402666105,1536.0007044075246
3,1523.1565262468641,1523.3364803996974,1468.9328134077582,1505.8927366021057,1523.3364803996974,1462.9689096350464
4,1495.4828456718578,1516.206830121706,1512.8481851250392,1501.8632525947692,1520.798682445913,1516.206830121706
5,1502.024701055594,1502.024701055594,1499.9093097682953,1499.664668126013,1510.6295517242675,1497.975298944406
6,1408.988814213893,1449.9629574164983,1446.3046809657867,1447.9971481448329,1452.353944304221,1449.9629574164983
7,1488.7072481222779,1488.7157315967418,1460.8960624943884,1487.4395027918063,1491.4065825862658,1459.2425523736247
